date,station,station_name,tmax_f,tmin_f,tavg_f,precip_in,snow_in,wind_avg_mph,wind_gust_mph,visibility_mi,weather_condition,is_precipitation,is_snow,is_fog,is_severe
2024-01-01,GHCND:USW00013737,NORFOLK INTL AIRPORT VA US,40.8,34.4,37.6,0.55,0.0,7.8,10.6,3.0,Rain,1,0,0,0
2024-01-02,GHCND:USW00013737,NORFOLK INTL AIRPORT VA US,54.2,35.0,44.6,0.0,0.0,8.5,11.8,9.9,Clear,0,0,0,0
2024-01-03,GHCND:USW00013737,NORFOLK INTL AIRPORT VA US,47.6,27.8,37.7,0.0,0.0,12.9,21.0,8.4,Clear,0,0,0,0
2024-01-04,GHCND:USW00013737,NORFOLK INTL AIRPORT VA US,49.5,34.8,42.1,0.13,0.0,10.2,14.3,1.8,Drizzle,1,0,0,0
2024-01-05,GHCND:USW00013737,NORFOLK INTL AIRPORT VA US,47.0,34.2,40.6,0.0,0.0,11.4,16.6,7.6,Clear,0,0,0,0
2024-01-06,GHCND:USW00013737,NORFOLK INTL AIRPORT VA US,44.0,31.7,37.9,0.0,0.0,12.8,17.1,7.1,Clear,0,0,0,0
2024-01-07,GHCND:USW00013737,NORFOLK INTL AIRPORT VA US,60.4,34.1,47.3,0.0,0.0,8.5,10.8,8.3,Clear,0,0,0,0
2024-01-08,GHCND:USW00013737,NORFOLK INTL AIRPORT VA US,62.2,36.7,49.4,1.33,0.0,8.5,11.2,3.5,Rain,1,0,0,0
2024-01-09,GHCND:USW00013737,NORFOLK INTL AIRPORT VA US,39.0,33.4,36.2,0.12,0.0,8.1,12.0,7.0,Drizzle,1,0,0,0
2024-01-10,GHCND:USW00013737,NORFOLK INTL AIRPORT VA US,60.6,36.4,48.5,0.0,0.0,14.6,23.5,7.6,Clear,0,0,0,0
2024-01-11,GHCND:USW00013737,NORFOLK INTL AIRPORT VA US,58.1,38.0,48.1,0.04,0.0,10.5,17.7,1.9,Drizzle,1,0,0,0
2024-01-12,GHCND:USW00013737,NORFOLK INTL AIRPORT VA US,44.6,33.3,39.0,0.19,0.0,14.0,24.9,3.9,Drizzle,1,0,0,0
2024-01-13,GHCND:USW00013737,NORFOLK INTL AIRPORT VA US,50.1,34.6,42.4,0.04,0.0,10.2,13.6,2.1,Drizzle,1,0,0,0
2024-01-14,GHCND:USW00013737,NORFOLK INTL AIRPORT VA US,46.0,34.5,40.2,0.0,0.0,13.5,21.9,8.1,Clear,0,0,0,0
2024-01-15,GHCND:USW00013737,NORFOLK INTL AIRPORT VA US,51.7,27.4,39.5,0.0,0.0,5.6,7.1,8.9,Clear,0,0,0,0
2024-01-16,GHCND:USW00013737,NORFOLK INTL AIRPORT VA US,46.0,35.2,40.6,0.0,0.0,11.6,14.6,8.8,Clear,0,0,0,0
2024-01-17,GHCND:USW00013737,NORFOLK INTL AIRPORT VA US,45.5,32.9,39.2,0.0,0.0,11.0,19.5,7.3,Clear,0,0,0,0
2024-01-18,GHCND:USW00013737,NORFOLK INTL AIRPORT VA US,46.3,19.5,32.9,0.0,0.0,8.1,12.4,8.7,Clear,0,0,0,0
2024-01-19,GHCND:USW00013737,NORFOLK INTL AIRPORT VA US,33.0,22.0,27.5,0.3,1.5,10.6,13.1,1.7,Snow,1,1,0,0
2024-01-20,GHCND:USW00013737,NORFOLK INTL AIRPORT VA US,52.1,28.8,40.5,0.0,0.0,8.6,11.3,7.6,Clear,0,0,0,0
2024-01-21,GHCND:USW00013737,NORFOLK INTL AIRPORT VA US,51.4,36.6,44.0,0.0,0.0,8.0,12.5,7.7,Clear,0,0,0,0
2024-01-22,GHCND:USW00013737,NORFOLK INTL AIRPORT VA US,41.7,28.6,35.1,0.0,0.0,12.0,17.3,7.5,Clear,0,0,0,0
2024-01-23,GHCND:USW00013737,NORFOLK INTL AIRPORT VA US,49.6,28.8,39.2,0.0,0.0,13.9,20.2,9.3,Clear,0,0,0,0
2024-01-24,GHCND:USW00013737,NORFOLK INTL AIRPORT VA US,55.1,36.1,45.6,0.0,0.0,10.9,16.0,9.4,Clear,0,0,0,0
2024-01-25,GHCND:USW00013737,NORFOLK INTL AIRPORT VA US,54.5,33.3,43.9,0.0,0.0,13.0,23.1,7.7,Clear,0,0,0,0
2024-01-26,GHCND:USW00013737,NORFOLK INTL AIRPORT VA US,47.9,37.0,42.5,0.54,0.0,6.9,11.9,2.5,Rain,1,0,0,0
2024-01-27,GHCND:USW00013737,NORFOLK INTL AIRPORT VA US,45.2,42.4,43.8,0.0,0.0,9.4,13.1,8.5,Clear,0,0,0,0
2024-01-28,GHCND:USW00013737,NORFOLK INTL AIRPORT VA US,54.2,35.2,44.7,0.0,0.0,11.5,18.7,7.5,Clear,0,0,0,0
2024-01-29,GHCND:USW00013737,NORFOLK INTL AIRPORT VA US,55.0,34.6,44.8,0.61,0.0,12.9,22.2,3.2,Rain,1,0,0,0
2024-01-30,GHCND:USW00013737,NORFOLK INTL AIRPORT VA US,48.0,36.8,42.4,0.03,0.0,13.7,22.1,4.8,Drizzle,1,0,0,0
2024-01-31,GHCND:USW00013737,NORFOLK INTL AIRPORT VA US,46.5,34.1,40.3,0.0,0.0,12.9,21.6,8.3,Clear,0,0,0,0
2024-02-01,GHCND:USW00013737,NORFOLK INTL AIRPORT VA US,56.0,39.7,47.8,0.0,0.0,6.5,8.9,9.7,Clear,0,0,0,0
2024-02-02,GHCND:USW00013737,NORFOLK INTL AIRPORT VA US,47.3,39.8,43.6,0.0,0.0,11.6,19.4,7.7,Clear,0,0,0,0
2024-02-03,GHCND:USW00013737,NORFOLK INTL AIRPORT VA US,47.4,31.8,39.6,0.0,0.0,13.5,21.8,9.9,Clear,0,0,0,0
2024-02-04,GHCND:USW00013737,NORFOLK INTL AIRPORT VA US,54.9,40.9,47.9,0.12,0.0,10.4,16.5,4.3,Drizzle,1,0,0,0
2024-02-05,GHCND:USW00013737,NORFOLK INTL AIRPORT VA US,57.0,39.0,48.0,1.4,0.0,9.6,14.6,3.1,Rain,1,0,0,0
2024-02-06,GHCND:USW00013737,NORFOLK INTL AIRPORT VA US,60.9,32.1,46.5,0.0,0.0,9.5,15.6,8.6,Clear,0,0,0,0
2024-02-07,GHCND:USW00013737,NORFOLK INTL AIRPORT VA US,53.2,45.9,49.5,0.0,0.0,9.7,11.8,8.1,Clear,0,0,0,0
2024-02-08,GHCND:USW00013737,NORFOLK INTL AIRPORT VA US,47.0,29.3,38.2,0.0,0.0,12.4,20.7,7.6,Clear,0,0,0,0
2024-02-09,GHCND:USW00013737,NORFOLK INTL AIRPORT VA US,50.7,42.1,46.4,0.41,0.0,10.4,16.6,5.8,Rain,1,0,0,0
2024-02-10,GHCND:USW00013737,NORFOLK INTL AIRPORT VA US,39.2,33.4,36.3,0.0,0.0,13.5,17.1,7.2,Clear,0,0,0,0
2024-02-11,GHCND:USW00013737,NORFOLK INTL AIRPORT VA US,59.8,32.8,46.3,0.0,0.0,10.8,13.6,9.5,Clear,0,0,0,0
2024-02-12,GHCND:USW00013737,NORFOLK INTL AIRPORT VA US,52.3,31.5,41.9,0.57,0.0,13.9,17.5,3.6,Rain,1,0,0,0
2024-02-13,GHCND:USW00013737,NORFOLK INTL AIRPORT VA US,40.6,38.0,39.3,0.0,0.0,13.4,18.0,9.5,Clear,0,0,0,0
2024-02-14,GHCND:USW00013737,NORFOLK INTL AIRPORT VA US,47.9,32.1,40.0,0.0,0.0,13.6,20.8,9.6,Clear,0,0,0,0
2024-02-15,GHCND:USW00013737,NORFOLK INTL AIRPORT VA US,60.9,32.6,46.7,0.42,0.0,7.6,10.1,5.2,Rain,1,0,0,0
2024-02-16,GHCND:USW00013737,NORFOLK INTL AIRPORT VA US,59.7,35.8,47.7,0.14,0.0,9.0,12.8,3.0,Drizzle,1,0,0,0
2024-02-17,GHCND:USW00013737,NORFOLK INTL AIRPORT VA US,55.2,31.8,43.5,0.0,0.0,13.8,16.9,8.7,Clear,0,0,0,0
2024-02-18,GHCND:USW00013737,NORFOLK INTL AIRPORT VA US,55.2,33.3,44.3,0.0,0.0,9.1,11.3,9.8,Clear,0,0,0,0
2024-02-19,GHCND:USW00013737,NORFOLK INTL AIRPORT VA US,52.3,33.8,43.1,0.05,0.0,4.7,7.4,4.1,Drizzle,1,0,0,0
2024-02-20,GHCND:USW00013737,NORFOLK INTL AIRPORT VA US,53.9,36.5,45.2,0.35,0.0,11.4,17.0,2.0,Drizzle,1,0,0,0
2024-02-21,GHCND:USW00013737,NORFOLK INTL AIRPORT VA US,43.6,40.0,41.8,0.0,0.0,10.5,16.7,9.0,Clear,0,0,0,0
2024-02-22,GHCND:USW00013737,NORFOLK INTL AIRPORT VA US,47.8,29.5,38.7,0.0,0.0,8.2,13.3,8.6,Clear,0,0,0,0
2024-02-23,GHCND:USW00013737,NORFOLK INTL AIRPORT VA US,48.3,29.0,38.6,0.01,0.0,19.8,33.2,4.9,Drizzle,1,0,0,0
2024-02-24,GHCND:USW00013737,NORFOLK INTL AIRPORT VA US,51.8,38.9,45.4,0.0,0.0,10.6,15.6,7.9,Clear,0,0,0,0
2024-02-25,GHCND:USW00013737,NORFOLK INTL AIRPORT VA US,56.6,37.3,47.0,0.0,0.0,12.0,17.3,8.2,Clear,0,0,0,0
2024-02-26,GHCND:USW00013737,NORFOLK INTL AIRPORT VA US,50.9,32.6,41.8,0.11,0.0,9.9,15.5,3.4,Drizzle,1,0,0,0
2024-02-27,GHCND:USW00013737,NORFOLK INTL AIRPORT VA US,54.3,31.4,42.8,0.0,0.0,15.1,23.8,8.2,Clear,0,0,0,0
2024-02-28,GHCND:USW00013737,NORFOLK INTL AIRPORT VA US,49.5,35.6,42.6,1.33,0.0,13.9,20.8,7.0,Rain,1,0,0,0
2024-02-29,GHCND:USW00013737,NORFOLK INTL AIRPORT VA US,50.0,33.3,41.7,0.0,0.0,5.9,9.3,9.5,Clear,0,0,0,0
2024-03-01,GHCND:USW00013737,NORFOLK INTL AIRPORT VA US,65.8,31.2,48.5,0.0,0.0,12.2,15.1,9.5,Clear,0,0,0,0
2024-03-02,GHCND:USW00013737,NORFOLK INTL AIRPORT VA US,54.9,45.5,50.2,0.0,0.0,10.2,17.9,9.3,Clear,0,0,0,0
2024-03-03,GHCND:USW00013737,NORFOLK INTL AIRPORT VA US,67.0,38.3,52.6,0.0,0.0,9.5,16.2,7.1,Clear,0,0,0,0
2024-03-04,GHCND:USW00013737,NORFOLK INTL AIRPORT VA US,65.8,47.3,56.5,0.0,0.0,9.7,11.7,7.5,Clear,0,0,0,0
2024-03-05,GHCND:USW00013737,NORFOLK INTL AIRPORT VA US,62.1,41.7,51.9,0.0,0.0,13.8,17.9,9.3,Clear,0,0,0,0
2024-03-06,GHCND:USW00013737,NORFOLK INTL AIRPORT VA US,59.6,42.2,50.9,0.0,0.0,11.4,17.2,8.1,Clear,0,0,0,0
2024-03-07,GHCND:USW00013737,NORFOLK INTL AIRPORT VA US,57.7,40.7,49.2,0.0,0.0,13.1,21.7,8.3,Clear,0,0,0,0
2024-03-08,GHCND:USW00013737,NORFOLK INTL AIRPORT VA US,54.1,42.9,48.5,0.51,0.0,8.3,10.0,3.0,Rain,1,0,0,0
2024-03-09,GHCND:USW00013737,NORFOLK INTL AIRPORT VA US,63.7,39.7,51.7,0.0,0.0,13.4,16.7,7.4,Clear,0,0,0,0
2024-03-10,GHCND:USW00013737,NORFOLK INTL AIRPORT VA US,64.1,41.0,52.6,0.0,0.0,10.2,15.1,7.5,Clear,0,0,0,0
2024-03-11,GHCND:USW00013737,NORFOLK INTL AIRPORT VA US,62.9,39.5,51.2,0.0,0.0,9.1,15.0,9.0,Clear,0,0,0,0
2024-03-12,GHCND:USW00013737,NORFOLK INTL AIRPORT VA US,64.4,41.6,53.0,0.0,0.0,9.0,14.6,8.9,Clear,0,0,0,0
2024-03-13,GHCND:USW00013737,NORFOLK INTL AIRPORT VA US,60.6,48.9,54.8,0.01,0.0,15.9,25.6,3.0,Drizzle,1,0,0,0
2024-03-14,GHCND:USW00013737,NORFOLK INTL AIRPORT VA US,58.1,45.0,51.5,0.0,0.0,8.7,12.8,8.2,Clear,0,0,0,0
2024-03-15,GHCND:USW00013737,NORFOLK INTL AIRPORT VA US,57.7,40.5,49.1,0.08,0.0,12.8,15.9,5.2,Drizzle,1,0,0,0
2024-03-16,GHCND:USW00013737,NORFOLK INTL AIRPORT VA US,62.4,35.6,49.0,0.04,0.0,12.1,19.0,4.0,Drizzle,1,0,0,0
2024-03-17,GHCND:USW00013737,NORFOLK INTL AIRPORT VA US,53.1,45.8,49.4,0.0,0.0,9.7,15.0,8.0,Clear,0,0,0,0
2024-03-18,GHCND:USW00013737,NORFOLK INTL AIRPORT VA US,63.4,44.5,53.9,0.0,0.0,9.4,16.7,8.8,Clear,0,0,0,0
2024-03-19,GHCND:USW00013737,NORFOLK INTL AIRPORT VA US,54.6,44.3,49.4,0.0,0.0,10.6,18.4,9.1,Clear,0,0,0,0
2024-03-20,GHCND:USW00013737,NORFOLK INTL AIRPORT VA US,63.7,41.0,52.4,0.0,0.0,13.7,24.3,9.8,Clear,0,0,0,0
2024-03-21,GHCND:USW00013737,NORFOLK INTL AIRPORT VA US,61.6,37.5,49.6,0.0,0.0,15.1,18.3,8.0,Clear,0,0,0,0
2024-03-22,GHCND:USW00013737,NORFOLK INTL AIRPORT VA US,64.3,36.0,50.2,0.0,0.0,9.2,13.9,8.3,Clear,0,0,0,0
2024-03-23,GHCND:USW00013737,NORFOLK INTL AIRPORT VA US,65.7,44.1,54.9,0.0,0.0,11.1,14.6,7.3,Clear,0,0,0,0
2024-03-24,GHCND:USW00013737,NORFOLK INTL AIRPORT VA US,66.4,35.4,50.9,0.29,0.0,11.1,19.0,5.2,Drizzle,1,0,0,0
2024-03-25,GHCND:USW00013737,NORFOLK INTL AIRPORT VA US,58.2,39.4,48.8,0.13,0.0,15.5,25.8,3.3,Drizzle,1,0,0,0
2024-03-26,GHCND:USW00013737,NORFOLK INTL AIRPORT VA US,55.0,40.5,47.7,0.0,0.0,8.4,13.9,8.3,Clear,0,0,0,0
2024-03-27,GHCND:USW00013737,NORFOLK INTL AIRPORT VA US,53.9,43.2,48.5,0.0,0.0,14.0,23.8,9.5,Clear,0,0,0,0
2024-03-28,GHCND:USW00013737,NORFOLK INTL AIRPORT VA US,61.3,43.4,52.3,0.02,0.0,12.9,22.0,5.8,Drizzle,1,0,0,0
2024-03-29,GHCND:USW00013737,NORFOLK INTL AIRPORT VA US,61.0,42.0,51.5,1.53,0.0,12.5,18.9,4.8,Rain,1,0,0,0
2024-03-30,GHCND:USW00013737,NORFOLK INTL AIRPORT VA US,70.5,42.6,56.5,0.53,0.0,13.6,22.5,3.4,Rain,1,0,0,0
2024-03-31,GHCND:USW00013737,NORFOLK INTL AIRPORT VA US,59.8,43.3,51.5,0.0,0.0,8.2,14.5,8.0,Clear,0,0,0,0
2024-04-01,GHCND:USW00013737,NORFOLK INTL AIRPORT VA US,68.9,51.7,60.3,0.34,0.0,14.4,24.8,5.1,Drizzle,1,0,0,0
2024-04-02,GHCND:USW00013737,NORFOLK INTL AIRPORT VA US,65.2,43.0,54.1,0.0,0.0,14.6,20.6,7.5,Clear,0,0,0,0
2024-04-03,GHCND:USW00013737,NORFOLK INTL AIRPORT VA US,66.9,51.2,59.0,0.0,0.0,14.2,17.3,9.5,Clear,0,0,0,0
2024-04-04,GHCND:USW00013737,NORFOLK INTL AIRPORT VA US,78.2,49.4,63.8,0.0,0.0,11.8,14.5,9.7,Clear,0,0,0,0
2024-04-05,GHCND:USW00013737,NORFOLK INTL AIRPORT VA US,74.8,48.0,61.4,0.0,0.0,10.2,13.6,9.4,Clear,0,0,0,0
2024-04-06,GHCND:USW00013737,NORFOLK INTL AIRPORT VA US,73.3,45.1,59.2,0.07,0.0,11.7,15.3,6.3,Drizzle,1,0,0,0
2024-04-07,GHCND:USW00013737,NORFOLK INTL AIRPORT VA US,76.1,48.7,62.4,0.0,0.0,11.7,17.1,8.2,Clear,0,0,0,0
2024-04-08,GHCND:USW00013737,NORFOLK INTL AIRPORT VA US,72.9,51.3,62.1,0.0,0.0,10.2,17.3,10.0,Clear,0,0,0,0
2024-04-09,GHCND:USW00013737,NORFOLK INTL AIRPORT VA US,63.6,50.5,57.0,0.0,0.0,7.8,11.7,9.7,Clear,0,0,0,0
2024-04-10,GHCND:USW00013737,NORFOLK INTL AIRPORT VA US,70.5,54.6,62.5,0.12,0.0,13.4,23.0,2.5,Drizzle,1,0,0,0
2024-04-11,GHCND:USW00013737,NORFOLK INTL AIRPORT VA US,73.9,48.9,61.4,0.0,0.0,9.6,12.8,7.2,Clear,0,0,0,0
2024-04-12,GHCND:USW00013737,NORFOLK INTL AIRPORT VA US,78.2,47.9,63.0,0.32,0.0,9.1,11.3,3.5,Drizzle,1,0,0,0
2024-04-13,GHCND:USW00013737,NORFOLK INTL AIRPORT VA US,70.5,49.3,59.9,0.0,0.0,14.7,22.2,9.6,Clear,0,0,0,0
2024-04-14,GHCND:USW00013737,NORFOLK INTL AIRPORT VA US,64.9,46.7,55.8,0.51,0.0,15.0,18.3,1.9,Rain,1,0,0,0
2024-04-15,GHCND:USW00013737,NORFOLK INTL AIRPORT VA US,64.2,48.7,56.5,0.0,0.0,11.9,16.9,7.9,Clear,0,0,0,0
2024-04-16,GHCND:USW00013737,NORFOLK INTL AIRPORT VA US,68.3,49.2,58.8,0.0,0.0,14.9,21.5,9.2,Clear,0,0,0,0
2024-04-17,GHCND:USW00013737,NORFOLK INTL AIRPORT VA US,69.6,54.1,61.8,0.01,0.0,12.6,19.8,2.9,Drizzle,1,0,0,0
2024-04-18,GHCND:USW00013737,NORFOLK INTL AIRPORT VA US,64.5,43.3,53.9,0.0,0.0,10.1,15.8,9.8,Clear,0,0,0,0
2024-04-19,GHCND:USW00013737,NORFOLK INTL AIRPORT VA US,64.5,55.3,59.9,0.0,0.0,7.4,11.1,8.1,Clear,0,0,0,0
2024-04-20,GHCND:USW00013737,NORFOLK INTL AIRPORT VA US,71.8,54.3,63.0,0.0,0.0,15.0,20.7,7.6,Clear,0,0,0,0
2024-04-21,GHCND:USW00013737,NORFOLK INTL AIRPORT VA US,69.1,54.2,61.7,0.15,0.0,10.7,18.6,5.6,Drizzle,1,0,0,0
2024-04-22,GHCND:USW00013737,NORFOLK INTL AIRPORT VA US,61.5,45.0,53.2,1.52,0.0,16.7,21.3,3.3,Rain,1,0,0,0
2024-04-23,GHCND:USW00013737,NORFOLK INTL AIRPORT VA US,65.6,50.4,58.0,0.84,0.0,12.4,19.5,6.8,Rain,1,0,0,0
2024-04-24,GHCND:USW00013737,NORFOLK INTL AIRPORT VA US,68.3,60.5,64.4,0.0,0.0,12.9,22.1,7.1,Clear,0,0,0,0
2024-04-25,GHCND:USW00013737,NORFOLK INTL AIRPORT VA US,66.8,55.0,60.9,0.0,0.0,13.9,18.8,7.7,Clear,0,0,0,0
2024-04-26,GHCND:USW00013737,NORFOLK INTL AIRPORT VA US,61.9,45.5,53.7,0.41,0.0,5.8,9.0,4.8,Rain,1,0,0,0
2024-04-27,GHCND:USW00013737,NORFOLK INTL AIRPORT VA US,74.2,52.9,63.5,0.0,0.0,8.8,15.7,9.3,Clear,0,0,0,0
2024-04-28,GHCND:USW00013737,NORFOLK INTL AIRPORT VA US,78.4,43.2,60.8,0.0,0.0,17.9,30.4,9.9,Clear,0,0,0,0
2024-04-29,GHCND:USW00013737,NORFOLK INTL AIRPORT VA US,76.5,48.0,62.3,0.0,0.0,16.1,28.3,9.7,Clear,0,0,0,0
2024-04-30,GHCND:USW00013737,NORFOLK INTL AIRPORT VA US,67.5,54.9,61.2,0.0,0.0,10.2,15.1,9.3,Clear,0,0,0,0
2024-05-01,GHCND:USW00013737,NORFOLK INTL AIRPORT VA US,82.8,57.8,70.3,0.0,0.0,11.5,19.2,8.1,Clear,0,0,0,0
2024-05-02,GHCND:USW00013737,NORFOLK INTL AIRPORT VA US,80.4,59.5,70.0,0.31,0.0,9.7,15.4,5.9,Drizzle,1,0,0,0
2024-05-03,GHCND:USW00013737,NORFOLK INTL AIRPORT VA US,73.9,66.0,70.0,0.0,0.0,13.7,19.5,7.3,Clear,0,0,0,0
2024-05-04,GHCND:USW00013737,NORFOLK INTL AIRPORT VA US,74.9,58.1,66.5,0.48,0.0,13.5,17.0,6.4,Rain,1,0,0,0
2024-05-05,GHCND:USW00013737,NORFOLK INTL AIRPORT VA US,78.7,62.9,70.8,0.0,0.0,9.1,15.7,7.7,Clear,0,0,0,0
2024-05-06,GHCND:USW00013737,NORFOLK INTL AIRPORT VA US,77.1,57.6,67.3,0.25,0.0,9.7,12.7,1.6,Drizzle,1,0,0,0
2024-05-07,GHCND:USW00013737,NORFOLK INTL AIRPORT VA US,78.6,54.3,66.4,0.02,0.0,6.5,11.3,1.7,Drizzle,1,0,0,0
2024-05-08,GHCND:USW00013737,NORFOLK INTL AIRPORT VA US,82.9,57.3,70.1,0.0,0.0,14.2,20.6,8.1,Clear,0,0,0,0
2024-05-09,GHCND:USW00013737,NORFOLK INTL AIRPORT VA US,83.7,57.2,70.5,0.0,0.0,12.2,20.4,7.4,Clear,0,0,0,0
2024-05-10,GHCND:USW00013737,NORFOLK INTL AIRPORT VA US,76.5,57.3,66.9,0.0,0.0,13.9,22.6,8.4,Clear,0,0,0,0
2024-05-11,GHCND:USW00013737,NORFOLK INTL AIRPORT VA US,77.0,64.8,70.9,0.0,0.0,9.2,14.7,7.8,Clear,0,0,0,0
2024-05-12,GHCND:USW00013737,NORFOLK INTL AIRPORT VA US,82.9,61.5,72.2,0.0,0.0,13.2,19.5,9.8,Clear,0,0,0,0
2024-05-13,GHCND:USW00013737,NORFOLK INTL AIRPORT VA US,76.1,63.8,70.0,0.0,0.0,11.6,14.9,9.9,Clear,0,0,0,0
2024-05-14,GHCND:USW00013737,NORFOLK INTL AIRPORT VA US,77.3,61.3,69.3,0.0,0.0,14.8,20.8,9.1,Clear,0,0,0,0
2024-05-15,GHCND:USW00013737,NORFOLK INTL AIRPORT VA US,80.3,57.0,68.7,0.0,0.0,11.3,16.3,9.8,Clear,0,0,0,0
2024-05-16,GHCND:USW00013737,NORFOLK INTL AIRPORT VA US,70.4,61.4,65.9,0.0,0.0,14.0,24.1,9.1,Clear,0,0,0,0
2024-05-17,GHCND:USW00013737,NORFOLK INTL AIRPORT VA US,84.2,55.4,69.8,0.0,0.0,13.9,22.9,7.6,Clear,0,0,0,0
2024-05-18,GHCND:USW00013737,NORFOLK INTL AIRPORT VA US,80.6,64.1,72.3,0.0,0.0,9.4,13.9,9.1,Clear,0,0,0,0
2024-05-19,GHCND:USW00013737,NORFOLK INTL AIRPORT VA US,82.2,63.6,72.9,0.09,0.0,10.8,16.1,1.7,Drizzle,1,0,0,0
2024-05-20,GHCND:USW00013737,NORFOLK INTL AIRPORT VA US,83.9,57.9,70.9,0.66,0.0,12.6,17.9,1.6,Rain,1,0,0,0
2024-05-21,GHCND:USW00013737,NORFOLK INTL AIRPORT VA US,60.3,60.0,60.2,0.0,0.0,11.7,15.2,9.7,Clear,0,0,0,0
2024-05-22,GHCND:USW00013737,NORFOLK INTL AIRPORT VA US,74.8,65.2,70.0,0.0,0.0,11.3,13.7,9.6,Clear,0,0,0,0
2024-05-23,GHCND:USW00013737,NORFOLK INTL AIRPORT VA US,75.0,57.9,66.4,0.0,0.0,10.2,16.9,9.5,Clear,0,0,0,0
2024-05-24,GHCND:USW00013737,NORFOLK INTL AIRPORT VA US,81.9,62.3,72.1,0.8,0.0,10.3,16.1,4.3,Rain,1,0,0,0
2024-05-25,GHCND:USW00013737,NORFOLK INTL AIRPORT VA US,77.2,65.3,71.2,0.0,0.0,12.7,16.8,9.0,Clear,0,0,0,0
2024-05-26,GHCND:USW00013737,NORFOLK INTL AIRPORT VA US,76.8,57.6,67.2,0.03,0.0,7.7,13.3,3.2,Drizzle,1,0,0,0
2024-05-27,GHCND:USW00013737,NORFOLK INTL AIRPORT VA US,81.9,67.7,74.8,0.26,0.0,14.5,23.5,5.3,Drizzle,1,0,0,0
2024-05-28,GHCND:USW00013737,NORFOLK INTL AIRPORT VA US,79.2,53.1,66.2,0.0,0.0,12.0,15.0,7.9,Clear,0,0,0,0
2024-05-29,GHCND:USW00013737,NORFOLK INTL AIRPORT VA US,79.4,64.4,71.9,0.0,0.0,11.9,19.8,9.6,Clear,0,0,0,0
2024-05-30,GHCND:USW00013737,NORFOLK INTL AIRPORT VA US,78.3,62.0,70.1,0.09,0.0,9.0,14.1,5.6,Drizzle,1,0,0,0
2024-05-31,GHCND:USW00013737,NORFOLK INTL AIRPORT VA US,71.2,57.8,64.5,0.51,0.0,10.4,12.9,2.6,Rain,1,0,0,0
2024-06-01,GHCND:USW00013737,NORFOLK INTL AIRPORT VA US,83.6,73.4,78.5,0.0,0.0,6.0,10.7,9.0,Clear,0,0,0,0
2024-06-02,GHCND:USW00013737,NORFOLK INTL AIRPORT VA US,85.1,67.4,76.2,0.0,0.0,9.6,13.9,7.8,Clear,0,0,0,0
2024-06-03,GHCND:USW00013737,NORFOLK INTL AIRPORT VA US,90.5,78.7,84.6,0.0,0.0,9.6,15.2,7.6,Clear,0,0,0,0
2024-06-04,GHCND:USW00013737,NORFOLK INTL AIRPORT VA US,84.4,68.5,76.4,0.0,0.0,9.7,15.7,9.1,Clear,0,0,0,0
2024-06-05,GHCND:USW00013737,NORFOLK INTL AIRPORT VA US,89.4,71.6,80.5,0.0,0.0,7.5,13.0,7.3,Clear,0,0,0,0
2024-06-06,GHCND:USW00013737,NORFOLK INTL AIRPORT VA US,83.0,69.4,76.2,0.38,0.0,8.7,12.3,3.8,Drizzle,1,0,0,0
2024-06-07,GHCND:USW00013737,NORFOLK INTL AIRPORT VA US,76.0,74.1,75.1,0.03,0.0,6.9,10.3,3.4,Drizzle,1,0,0,0
2024-06-08,GHCND:USW00013737,NORFOLK INTL AIRPORT VA US,91.2,68.8,80.0,0.0,0.0,8.4,13.9,7.6,Clear,0,0,0,0
2024-06-09,GHCND:USW00013737,NORFOLK INTL AIRPORT VA US,82.2,64.1,73.1,0.0,0.0,10.9,16.4,9.3,Clear,0,0,0,0
2024-06-10,GHCND:USW00013737,NORFOLK INTL AIRPORT VA US,87.3,69.9,78.6,0.0,0.0,12.4,17.3,9.0,Clear,0,0,0,0
2024-06-11,GHCND:USW00013737,NORFOLK INTL AIRPORT VA US,89.8,69.9,79.9,0.0,0.0,7.6,11.7,8.5,Clear,0,0,0,0
2024-06-12,GHCND:USW00013737,NORFOLK INTL AIRPORT VA US,86.3,63.7,75.0,0.0,0.0,12.9,19.9,7.2,Clear,0,0,0,0
2024-06-13,GHCND:USW00013737,NORFOLK INTL AIRPORT VA US,81.2,64.5,72.8,0.0,0.0,11.9,15.0,7.3,Clear,0,0,0,0
2024-06-14,GHCND:USW00013737,NORFOLK INTL AIRPORT VA US,79.3,63.0,71.2,0.04,0.0,6.0,10.7,3.8,Drizzle,1,0,0,0
2024-06-15,GHCND:USW00013737,NORFOLK INTL AIRPORT VA US,85.7,72.1,78.9,0.0,0.0,9.5,16.2,7.4,Clear,0,0,0,0
2024-06-16,GHCND:USW00013737,NORFOLK INTL AIRPORT VA US,88.5,74.7,81.6,0.0,0.0,9.3,14.7,7.8,Clear,0,0,0,0
2024-06-17,GHCND:USW00013737,NORFOLK INTL AIRPORT VA US,86.6,64.8,75.7,0.01,0.0,8.6,11.2,1.7,Drizzle,1,0,0,0
2024-06-18,GHCND:USW00013737,NORFOLK INTL AIRPORT VA US,84.2,68.6,76.4,0.0,0.0,10.6,16.5,9.5,Clear,0,0,0,0
2024-06-19,GHCND:USW00013737,NORFOLK INTL AIRPORT VA US,84.9,62.2,73.6,0.39,0.0,11.9,16.8,3.4,Drizzle,1,0,0,0
2024-06-20,GHCND:USW00013737,NORFOLK INTL AIRPORT VA US,83.0,64.5,73.7,0.0,0.0,7.7,11.3,9.0,Clear,0,0,0,0
2024-06-21,GHCND:USW00013737,NORFOLK INTL AIRPORT VA US,87.5,66.9,77.2,0.0,0.0,5.4,8.0,8.1,Clear,0,0,0,0
2024-06-22,GHCND:USW00013737,NORFOLK INTL AIRPORT VA US,82.0,64.7,73.4,0.0,0.0,7.7,13.1,8.3,Clear,0,0,0,0
2024-06-23,GHCND:USW00013737,NORFOLK INTL AIRPORT VA US,81.6,55.2,68.4,0.04,0.0,10.4,15.5,5.6,Drizzle,1,0,0,0
2024-06-24,GHCND:USW00013737,NORFOLK INTL AIRPORT VA US,78.5,77.6,78.1,0.0,0.0,6.4,8.4,9.8,Clear,0,0,0,0
2024-06-25,GHCND:USW00013737,NORFOLK INTL AIRPORT VA US,85.0,68.5,76.7,0.0,0.0,8.8,11.7,9.9,Clear,0,0,0,0
2024-06-26,GHCND:USW00013737,NORFOLK INTL AIRPORT VA US,85.6,71.4,78.5,0.62,0.0,6.8,9.2,4.1,Thunderstorm,1,0,0,1
2024-06-27,GHCND:USW00013737,NORFOLK INTL AIRPORT VA US,85.2,66.4,75.8,0.0,0.0,6.9,12.0,9.7,Clear,0,0,0,0
2024-06-28,GHCND:USW00013737,NORFOLK INTL AIRPORT VA US,92.5,72.6,82.5,0.0,0.0,11.9,18.5,8.7,Clear,0,0,0,0
2024-06-29,GHCND:USW00013737,NORFOLK INTL AIRPORT VA US,78.4,66.6,72.5,0.0,0.0,10.4,17.9,7.3,Clear,0,0,0,0
2024-06-30,GHCND:USW00013737,NORFOLK INTL AIRPORT VA US,87.0,78.1,82.5,0.0,0.0,9.9,14.9,9.6,Clear,0,0,0,0
2024-07-01,GHCND:USW00013737,NORFOLK INTL AIRPORT VA US,91.4,76.0,83.7,0.0,0.0,9.3,11.6,7.0,Clear,0,0,0,0
2024-07-02,GHCND:USW00013737,NORFOLK INTL AIRPORT VA US,94.2,69.3,81.8,0.21,0.0,6.4,10.6,5.5,Drizzle,1,0,0,0
2024-07-03,GHCND:USW00013737,NORFOLK INTL AIRPORT VA US,86.2,74.3,80.3,0.0,0.0,6.6,9.7,9.9,Clear,0,0,0,0
2024-07-04,GHCND:USW00013737,NORFOLK INTL AIRPORT VA US,92.8,83.7,88.2,0.4,0.0,8.5,12.9,3.1,Thunderstorm,1,0,0,1
2024-07-05,GHCND:USW00013737,NORFOLK INTL AIRPORT VA US,85.4,60.4,72.9,0.0,0.0,7.0,11.6,8.4,Clear,0,0,0,0
2024-07-06,GHCND:USW00013737,NORFOLK INTL AIRPORT VA US,98.9,78.8,88.9,0.0,0.0,12.8,19.9,9.2,Clear,0,0,0,0
2024-07-07,GHCND:USW00013737,NORFOLK INTL AIRPORT VA US,87.5,68.0,77.8,0.0,0.0,10.1,14.8,9.1,Clear,0,0,0,0
2024-07-08,GHCND:USW00013737,NORFOLK INTL AIRPORT VA US,94.0,77.0,85.5,1.8,0.0,7.5,9.4,3.6,Thunderstorm,1,0,0,1
2024-07-09,GHCND:USW00013737,NORFOLK INTL AIRPORT VA US,86.1,67.4,76.7,0.0,0.0,8.8,11.4,9.4,Clear,0,0,0,0
2024-07-10,GHCND:USW00013737,NORFOLK INTL AIRPORT VA US,76.8,70.1,73.4,0.28,0.0,11.4,17.6,1.6,Drizzle,1,0,0,0
2024-07-11,GHCND:USW00013737,NORFOLK INTL AIRPORT VA US,89.6,76.4,83.0,0.0,0.0,17.1,25.2,7.1,Clear,0,0,0,0
2024-07-12,GHCND:USW00013737,NORFOLK INTL AIRPORT VA US,94.0,79.8,86.9,0.0,0.0,9.1,14.2,9.7,Clear,0,0,0,0
2024-07-13,GHCND:USW00013737,NORFOLK INTL AIRPORT VA US,95.6,75.7,85.6,0.0,0.0,9.0,14.5,9.1,Clear,0,0,0,0
2024-07-14,GHCND:USW00013737,NORFOLK INTL AIRPORT VA US,86.4,71.5,78.9,0.0,0.0,10.2,13.1,7.9,Clear,0,0,0,0
2024-07-15,GHCND:USW00013737,NORFOLK INTL AIRPORT VA US,87.6,78.6,83.1,0.0,0.0,8.1,10.2,9.8,Clear,0,0,0,0
2024-07-16,GHCND:USW00013737,NORFOLK INTL AIRPORT VA US,99.2,76.4,87.8,0.0,0.0,7.7,12.5,9.6,Clear,0,0,0,0
2024-07-17,GHCND:USW00013737,NORFOLK INTL AIRPORT VA US,88.5,75.0,81.8,0.0,0.0,6.4,9.8,9.5,Clear,0,0,0,0
2024-07-18,GHCND:USW00013737,NORFOLK INTL AIRPORT VA US,88.2,73.9,81.1,0.0,0.0,14.4,21.6,9.4,Clear,0,0,0,0
2024-07-19,GHCND:USW00013737,NORFOLK INTL AIRPORT VA US,93.3,69.1,81.2,0.0,0.0,14.0,17.6,8.0,Clear,0,0,0,0
2024-07-20,GHCND:USW00013737,NORFOLK INTL AIRPORT VA US,87.8,66.5,77.1,0.0,0.0,9.3,12.0,8.1,Clear,0,0,0,0
2024-07-21,GHCND:USW00013737,NORFOLK INTL AIRPORT VA US,89.4,74.1,81.8,0.0,0.0,15.4,23.2,7.7,Clear,0,0,0,0
2024-07-22,GHCND:USW00013737,NORFOLK INTL AIRPORT VA US,89.1,69.7,79.4,0.0,0.0,12.9,21.9,9.0,Clear,0,0,0,0
2024-07-23,GHCND:USW00013737,NORFOLK INTL AIRPORT VA US,101.1,64.4,82.7,0.0,0.0,12.3,20.2,8.9,Clear,0,0,0,0
2024-07-24,GHCND:USW00013737,NORFOLK INTL AIRPORT VA US,93.3,66.3,79.8,0.0,0.0,13.5,17.5,8.4,Clear,0,0,0,0
2024-07-25,GHCND:USW00013737,NORFOLK INTL AIRPORT VA US,93.2,67.3,80.2,0.3,0.0,8.9,12.6,4.3,Drizzle,1,0,0,0
2024-07-26,GHCND:USW00013737,NORFOLK INTL AIRPORT VA US,92.8,76.6,84.7,0.0,0.0,8.7,11.7,9.6,Clear,0,0,0,0
2024-07-27,GHCND:USW00013737,NORFOLK INTL AIRPORT VA US,73.0,73.9,73.5,0.0,0.0,9.1,12.4,8.6,Clear,0,0,0,0
2024-07-28,GHCND:USW00013737,NORFOLK INTL AIRPORT VA US,89.6,68.0,78.8,0.0,0.0,6.9,11.4,7.6,Clear,0,0,0,0
2024-07-29,GHCND:USW00013737,NORFOLK INTL AIRPORT VA US,91.0,73.1,82.1,0.31,0.0,11.6,14.8,3.7,Drizzle,1,0,0,0
2024-07-30,GHCND:USW00013737,NORFOLK INTL AIRPORT VA US,77.7,71.1,74.4,0.0,0.0,7.1,10.0,8.9,Clear,0,0,0,0
2024-07-31,GHCND:USW00013737,NORFOLK INTL AIRPORT VA US,95.3,75.3,85.3,0.02,0.0,7.9,13.1,1.9,Drizzle,1,0,0,0
2024-08-01,GHCND:USW00013737,NORFOLK INTL AIRPORT VA US,85.0,77.3,81.2,0.0,0.0,10.7,13.8,7.8,Clear,0,0,0,0
2024-08-02,GHCND:USW00013737,NORFOLK INTL AIRPORT VA US,88.1,79.8,83.9,0.0,0.0,7.5,12.0,8.3,Clear,0,0,0,0
2024-08-03,GHCND:USW00013737,NORFOLK INTL AIRPORT VA US,96.9,72.3,84.6,0.51,0.0,8.5,12.5,6.4,Thunderstorm,1,0,0,1
2024-08-04,GHCND:USW00013737,NORFOLK INTL AIRPORT VA US,88.9,74.1,81.5,0.0,0.0,12.5,16.2,7.8,Clear,0,0,0,0
2024-08-05,GHCND:USW00013737,NORFOLK INTL AIRPORT VA US,91.0,73.0,82.0,1.5,0.0,11.2,16.1,5.9,Thunderstorm,1,0,0,1
2024-08-06,GHCND:USW00013737,NORFOLK INTL AIRPORT VA US,93.7,73.2,83.5,0.51,0.0,8.1,13.1,3.8,Thunderstorm,1,0,0,1
2024-08-07,GHCND:USW00013737,NORFOLK INTL AIRPORT VA US,80.7,78.3,79.5,0.06,0.0,7.9,14.0,5.4,Drizzle,1,0,0,0
2024-08-08,GHCND:USW00013737,NORFOLK INTL AIRPORT VA US,82.6,70.9,76.7,0.15,0.0,10.9,16.1,5.8,Drizzle,1,0,0,0
2024-08-09,GHCND:USW00013737,NORFOLK INTL AIRPORT VA US,78.4,68.7,73.5,0.0,0.0,10.4,15.0,7.5,Clear,0,0,0,0
2024-08-10,GHCND:USW00013737,NORFOLK INTL AIRPORT VA US,84.6,70.4,77.5,0.0,0.0,7.1,11.7,7.7,Clear,0,0,0,0
2024-08-11,GHCND:USW00013737,NORFOLK INTL AIRPORT VA US,82.9,78.4,80.6,0.0,0.0,11.5,18.3,10.0,Clear,0,0,0,0
2024-08-12,GHCND:USW00013737,NORFOLK INTL AIRPORT VA US,96.1,67.9,82.0,0.0,0.0,6.5,11.5,7.7,Clear,0,0,0,0
2024-08-13,GHCND:USW00013737,NORFOLK INTL AIRPORT VA US,90.5,64.2,77.3,0.0,0.0,11.3,20.2,8.0,Clear,0,0,0,0
2024-08-14,GHCND:USW00013737,NORFOLK INTL AIRPORT VA US,92.1,67.7,79.9,0.44,0.0,12.5,15.6,3.2,Thunderstorm,1,0,0,1
2024-08-15,GHCND:USW00013737,NORFOLK INTL AIRPORT VA US,80.8,70.3,75.5,0.0,0.0,9.6,17.1,8.1,Clear,0,0,0,0
2024-08-16,GHCND:USW00013737,NORFOLK INTL AIRPORT VA US,71.5,73.6,72.6,0.0,0.0,15.2,19.9,8.9,Clear,0,0,0,0
2024-08-17,GHCND:USW00013737,NORFOLK INTL AIRPORT VA US,98.9,68.9,83.9,0.0,0.0,11.1,17.3,9.5,Clear,0,0,0,0
2024-08-18,GHCND:USW00013737,NORFOLK INTL AIRPORT VA US,81.6,73.9,77.8,0.12,0.0,6.9,8.6,1.5,Drizzle,1,0,0,0
2024-08-19,GHCND:USW00013737,NORFOLK INTL AIRPORT VA US,82.9,64.6,73.8,0.0,0.0,18.9,29.4,8.5,Clear,0,0,0,0
2024-08-20,GHCND:USW00013737,NORFOLK INTL AIRPORT VA US,82.3,76.3,79.3,0.0,0.0,9.9,17.4,9.2,Clear,0,0,0,0
2024-08-21,GHCND:USW00013737,NORFOLK INTL AIRPORT VA US,95.8,66.5,81.1,0.5,0.0,7.4,10.1,1.9,Thunderstorm,1,0,0,1
2024-08-22,GHCND:USW00013737,NORFOLK INTL AIRPORT VA US,84.2,66.2,75.2,0.0,0.0,5.8,8.2,7.9,Clear,0,0,0,0
2024-08-23,GHCND:USW00013737,NORFOLK INTL AIRPORT VA US,85.2,78.7,82.0,0.0,0.0,10.9,18.0,7.3,Clear,0,0,0,0
2024-08-24,GHCND:USW00013737,NORFOLK INTL AIRPORT VA US,87.7,75.6,81.6,0.0,0.0,6.9,10.8,7.3,Clear,0,0,0,0
2024-08-25,GHCND:USW00013737,NORFOLK INTL AIRPORT VA US,79.1,72.2,75.6,0.08,0.0,13.0,19.4,6.3,Drizzle,1,0,0,0
2024-08-26,GHCND:USW00013737,NORFOLK INTL AIRPORT VA US,87.1,67.0,77.1,0.0,0.0,14.6,23.2,7.1,Clear,0,0,0,0
2024-08-27,GHCND:USW00013737,NORFOLK INTL AIRPORT VA US,85.8,72.8,79.3,0.0,0.0,11.9,20.3,8.6,Clear,0,0,0,0
2024-08-28,GHCND:USW00013737,NORFOLK INTL AIRPORT VA US,85.4,67.0,76.2,1.05,0.0,7.0,12.1,4.6,Thunderstorm,1,0,0,1
2024-08-29,GHCND:USW00013737,NORFOLK INTL AIRPORT VA US,81.1,62.4,71.8,0.0,0.0,10.7,16.2,9.1,Clear,0,0,0,0
2024-08-30,GHCND:USW00013737,NORFOLK INTL AIRPORT VA US,83.0,68.9,76.0,0.26,0.0,11.2,17.2,2.8,Drizzle,1,0,0,0
2024-08-31,GHCND:USW00013737,NORFOLK INTL AIRPORT VA US,88.0,75.8,81.9,0.0,0.0,6.3,11.2,7.2,Clear,0,0,0,0
2024-09-01,GHCND:USW00013737,NORFOLK INTL AIRPORT VA US,77.5,60.0,68.7,0.0,0.0,10.8,18.0,7.9,Clear,0,0,0,0
2024-09-02,GHCND:USW00013737,NORFOLK INTL AIRPORT VA US,84.4,65.5,75.0,0.0,0.0,14.1,20.0,7.1,Clear,0,0,0,0
2024-09-03,GHCND:USW00013737,NORFOLK INTL AIRPORT VA US,89.2,59.6,74.4,0.0,0.0,12.6,18.6,8.0,Clear,0,0,0,0
2024-09-04,GHCND:USW00013737,NORFOLK INTL AIRPORT VA US,79.6,65.4,72.5,0.0,0.0,8.9,12.0,8.5,Clear,0,0,0,0
2024-09-05,GHCND:USW00013737,NORFOLK INTL AIRPORT VA US,79.4,55.9,67.7,0.06,0.0,10.1,14.9,6.1,Drizzle,1,0,0,0
2024-09-06,GHCND:USW00013737,NORFOLK INTL AIRPORT VA US,78.7,64.8,71.8,0.0,0.0,9.0,14.4,8.7,Clear,0,0,0,0
2024-09-07,GHCND:USW00013737,NORFOLK INTL AIRPORT VA US,78.7,61.4,70.0,0.43,0.0,6.2,8.9,2.5,Thunderstorm,1,0,0,1
2024-09-08,GHCND:USW00013737,NORFOLK INTL AIRPORT VA US,88.5,60.6,74.5,0.0,0.0,14.8,21.0,9.2,Clear,0,0,0,0
2024-09-09,GHCND:USW00013737,NORFOLK INTL AIRPORT VA US,83.4,60.8,72.1,0.0,0.0,5.4,9.1,7.1,Clear,0,0,0,0
2024-09-10,GHCND:USW00013737,NORFOLK INTL AIRPORT VA US,80.4,65.2,72.8,0.11,0.0,10.3,17.4,4.8,Drizzle,1,0,0,0
2024-09-11,GHCND:USW00013737,NORFOLK INTL AIRPORT VA US,81.7,63.0,72.3,0.0,0.0,7.8,10.4,7.7,Clear,0,0,0,0
2024-09-12,GHCND:USW00013737,NORFOLK INTL AIRPORT VA US,73.9,73.2,73.5,0.23,0.0,13.4,22.3,5.5,Drizzle,1,0,0,0
2024-09-13,GHCND:USW00013737,NORFOLK INTL AIRPORT VA US,82.0,69.0,75.5,2.1,0.0,10.9,18.1,2.2,Rain,1,0,0,0
2024-09-14,GHCND:USW00013737,NORFOLK INTL AIRPORT VA US,85.6,66.3,75.9,0.0,0.0,11.4,14.4,7.8,Clear,0,0,0,0
2024-09-15,GHCND:USW00013737,NORFOLK INTL AIRPORT VA US,87.0,68.3,77.6,0.0,0.0,11.7,15.6,7.1,Clear,0,0,0,0
2024-09-16,GHCND:USW00013737,NORFOLK INTL AIRPORT VA US,82.6,66.1,74.3,0.0,0.0,11.2,18.8,8.1,Clear,0,0,0,0
2024-09-17,GHCND:USW00013737,NORFOLK INTL AIRPORT VA US,86.8,60.9,73.9,0.19,0.0,9.2,12.8,3.6,Drizzle,1,0,0,0
2024-09-18,GHCND:USW00013737,NORFOLK INTL AIRPORT VA US,89.8,57.4,73.6,0.0,0.0,8.4,13.3,7.3,Clear,0,0,0,0
2024-09-19,GHCND:USW00013737,NORFOLK INTL AIRPORT VA US,83.3,65.1,74.2,0.0,0.0,12.2,18.3,10.0,Clear,0,0,0,0
2024-09-20,GHCND:USW00013737,NORFOLK INTL AIRPORT VA US,75.9,70.5,73.2,0.0,0.0,3.9,7.0,7.7,Clear,0,0,0,0
2024-09-21,GHCND:USW00013737,NORFOLK INTL AIRPORT VA US,80.3,64.8,72.5,0.0,0.0,10.9,17.3,8.1,Clear,0,0,0,0
2024-09-22,GHCND:USW00013737,NORFOLK INTL AIRPORT VA US,86.0,67.2,76.6,0.0,0.0,12.9,18.4,7.1,Clear,0,0,0,0
2024-09-23,GHCND:USW00013737,NORFOLK INTL AIRPORT VA US,87.1,64.9,76.0,0.0,0.0,8.1,12.8,9.4,Clear,0,0,0,0
2024-09-24,GHCND:USW00013737,NORFOLK INTL AIRPORT VA US,70.6,69.0,69.8,0.0,0.0,10.3,14.5,7.8,Clear,0,0,0,0
2024-09-25,GHCND:USW00013737,NORFOLK INTL AIRPORT VA US,78.5,58.0,68.2,0.0,0.0,12.3,15.8,7.3,Clear,0,0,0,0
2024-09-26,GHCND:USW00013737,NORFOLK INTL AIRPORT VA US,80.9,61.2,71.0,0.0,0.0,7.7,9.9,7.3,Clear,0,0,0,0
2024-09-27,GHCND:USW00013737,NORFOLK INTL AIRPORT VA US,79.2,60.0,69.6,0.19,0.0,12.6,19.9,4.5,Drizzle,1,0,0,0
2024-09-28,GHCND:USW00013737,NORFOLK INTL AIRPORT VA US,89.0,73.6,81.3,0.0,0.0,11.4,17.8,9.9,Clear,0,0,0,0
2024-09-29,GHCND:USW00013737,NORFOLK INTL AIRPORT VA US,88.6,68.6,78.6,0.0,0.0,11.8,21.0,9.8,Clear,0,0,0,0
2024-09-30,GHCND:USW00013737,NORFOLK INTL AIRPORT VA US,80.3,69.0,74.7,0.3,0.0,9.2,12.4,1.7,Drizzle,1,0,0,0
2024-10-01,GHCND:USW00013737,NORFOLK INTL AIRPORT VA US,83.5,60.3,71.9,0.0,0.0,8.9,13.5,8.0,Clear,0,0,0,0
2024-10-02,GHCND:USW00013737,NORFOLK INTL AIRPORT VA US,73.5,57.1,65.3,0.03,0.0,10.6,15.8,4.6,Drizzle,1,0,0,0
2024-10-03,GHCND:USW00013737,NORFOLK INTL AIRPORT VA US,72.8,48.0,60.4,0.04,0.0,11.6,18.6,6.1,Drizzle,1,0,0,0
2024-10-04,GHCND:USW00013737,NORFOLK INTL AIRPORT VA US,71.1,58.3,64.7,0.79,0.0,6.3,11.4,3.8,Rain,1,0,0,0
2024-10-05,GHCND:USW00013737,NORFOLK INTL AIRPORT VA US,71.1,51.9,61.5,0.11,0.0,7.4,9.4,1.9,Drizzle,1,0,0,0
2024-10-06,GHCND:USW00013737,NORFOLK INTL AIRPORT VA US,64.0,53.3,58.7,0.0,0.0,14.2,24.3,7.8,Clear,0,0,0,0
2024-10-07,GHCND:USW00013737,NORFOLK INTL AIRPORT VA US,67.6,58.3,62.9,0.0,0.0,9.8,13.7,8.3,Clear,0,0,0,0
2024-10-08,GHCND:USW00013737,NORFOLK INTL AIRPORT VA US,84.1,56.7,70.4,0.0,0.0,11.2,16.9,7.7,Clear,0,0,0,0
2024-10-09,GHCND:USW00013737,NORFOLK INTL AIRPORT VA US,75.8,52.1,64.0,0.0,0.0,10.8,14.5,8.9,Clear,0,0,0,0
2024-10-10,GHCND:USW00013737,NORFOLK INTL AIRPORT VA US,75.1,56.2,65.7,0.0,0.0,10.0,12.9,7.4,Clear,0,0,0,0
2024-10-11,GHCND:USW00013737,NORFOLK INTL AIRPORT VA US,60.2,63.7,61.9,0.0,0.0,10.1,14.4,8.5,Clear,0,0,0,0
2024-10-12,GHCND:USW00013737,NORFOLK INTL AIRPORT VA US,65.8,50.5,58.1,0.09,0.0,10.3,14.6,5.7,Drizzle,1,0,0,0
2024-10-13,GHCND:USW00013737,NORFOLK INTL AIRPORT VA US,68.6,47.2,57.9,0.0,0.0,8.2,12.4,8.8,Clear,0,0,0,0
2024-10-14,GHCND:USW00013737,NORFOLK INTL AIRPORT VA US,71.5,52.6,62.1,0.0,0.0,8.4,10.9,9.2,Clear,0,0,0,0
2024-10-15,GHCND:USW00013737,NORFOLK INTL AIRPORT VA US,68.4,53.8,61.1,0.3,0.0,7.7,10.5,2.8,Drizzle,1,0,0,0
2024-10-16,GHCND:USW00013737,NORFOLK INTL AIRPORT VA US,81.4,52.9,67.2,0.24,0.0,11.2,16.8,4.6,Drizzle,1,0,0,0
2024-10-17,GHCND:USW00013737,NORFOLK INTL AIRPORT VA US,79.2,55.7,67.4,0.0,0.0,6.6,11.4,7.7,Clear,0,0,0,0
2024-10-18,GHCND:USW00013737,NORFOLK INTL AIRPORT VA US,87.8,46.2,67.0,0.0,0.0,11.6,15.5,9.8,Clear,0,0,0,0
2024-10-19,GHCND:USW00013737,NORFOLK INTL AIRPORT VA US,67.1,53.9,60.5,0.0,0.0,16.0,25.9,8.8,Clear,0,0,0,0
2024-10-20,GHCND:USW00013737,NORFOLK INTL AIRPORT VA US,77.9,51.1,64.5,0.01,0.0,10.5,18.5,6.7,Drizzle,1,0,0,0
2024-10-21,GHCND:USW00013737,NORFOLK INTL AIRPORT VA US,73.9,53.0,63.4,0.0,0.0,8.0,13.0,9.2,Clear,0,0,0,0
2024-10-22,GHCND:USW00013737,NORFOLK INTL AIRPORT VA US,72.6,59.6,66.1,0.0,0.0,11.3,13.8,9.0,Clear,0,0,0,0
2024-10-23,GHCND:USW00013737,NORFOLK INTL AIRPORT VA US,71.6,51.0,61.3,0.0,0.0,10.3,14.3,9.0,Clear,0,0,0,0
2024-10-24,GHCND:USW00013737,NORFOLK INTL AIRPORT VA US,71.5,56.9,64.2,0.0,0.0,7.7,11.4,7.1,Clear,0,0,0,0
2024-10-25,GHCND:USW00013737,NORFOLK INTL AIRPORT VA US,74.4,59.2,66.8,0.0,0.0,14.1,22.6,7.3,Clear,0,0,0,0
2024-10-26,GHCND:USW00013737,NORFOLK INTL AIRPORT VA US,67.1,59.8,63.4,0.46,0.0,9.8,14.2,5.1,Rain,1,0,0,0
2024-10-27,GHCND:USW00013737,NORFOLK INTL AIRPORT VA US,72.2,59.8,66.0,0.0,0.0,11.0,19.1,8.2,Clear,0,0,0,0
2024-10-28,GHCND:USW00013737,NORFOLK INTL AIRPORT VA US,72.4,55.6,64.0,0.56,0.0,11.8,15.3,1.5,Rain,1,0,0,0
2024-10-29,GHCND:USW00013737,NORFOLK INTL AIRPORT VA US,68.8,53.1,61.0,0.0,0.0,11.5,14.8,9.2,Clear,0,0,0,0
2024-10-30,GHCND:USW00013737,NORFOLK INTL AIRPORT VA US,73.0,54.5,63.8,0.53,0.0,8.3,10.9,6.1,Rain,1,0,0,0
2024-10-31,GHCND:USW00013737,NORFOLK INTL AIRPORT VA US,76.8,58.7,67.8,0.0,0.0,11.6,19.8,9.7,Clear,0,0,0,0
2024-11-01,GHCND:USW00013737,NORFOLK INTL AIRPORT VA US,61.0,42.1,51.6,0.0,0.0,11.4,16.4,8.7,Clear,0,0,0,0
2024-11-02,GHCND:USW00013737,NORFOLK INTL AIRPORT VA US,62.7,41.9,52.3,0.29,0.0,7.2,9.4,5.7,Drizzle,1,0,0,0
2024-11-03,GHCND:USW00013737,NORFOLK INTL AIRPORT VA US,60.2,37.8,49.0,0.0,0.0,13.5,23.2,7.2,Clear,0,0,0,0
2024-11-04,GHCND:USW00013737,NORFOLK INTL AIRPORT VA US,65.4,38.3,51.9,0.16,0.0,13.2,23.0,2.1,Drizzle,1,0,0,0
2024-11-05,GHCND:USW00013737,NORFOLK INTL AIRPORT VA US,63.7,49.2,56.5,0.04,0.0,9.9,15.5,6.1,Drizzle,1,0,0,0
2024-11-06,GHCND:USW00013737,NORFOLK INTL AIRPORT VA US,53.9,37.9,45.9,0.02,0.0,15.2,26.7,5.0,Drizzle,1,0,0,0
2024-11-07,GHCND:USW00013737,NORFOLK INTL AIRPORT VA US,64.6,44.1,54.3,0.0,0.0,11.6,19.8,8.0,Clear,0,0,0,0
2024-11-08,GHCND:USW00013737,NORFOLK INTL AIRPORT VA US,65.1,45.3,55.2,0.0,0.0,13.1,18.9,8.2,Clear,0,0,0,0
2024-11-09,GHCND:USW00013737,NORFOLK INTL AIRPORT VA US,72.2,40.8,56.5,0.68,0.0,10.9,14.1,2.9,Rain,1,0,0,0
2024-11-10,GHCND:USW00013737,NORFOLK INTL AIRPORT VA US,57.8,42.0,49.9,0.2,0.0,12.6,16.7,5.1,Drizzle,1,0,0,0
2024-11-11,GHCND:USW00013737,NORFOLK INTL AIRPORT VA US,65.7,51.8,58.7,0.0,0.0,12.3,19.6,9.9,Clear,0,0,0,0
2024-11-12,GHCND:USW00013737,NORFOLK INTL AIRPORT VA US,66.4,40.4,53.4,0.0,0.0,10.8,14.4,9.8,Clear,0,0,0,0
2024-11-13,GHCND:USW00013737,NORFOLK INTL AIRPORT VA US,73.5,37.8,55.6,0.0,0.0,13.1,15.9,9.2,Clear,0,0,0,0
2024-11-14,GHCND:USW00013737,NORFOLK INTL AIRPORT VA US,54.9,37.8,46.4,0.25,0.0,4.3,5.6,6.0,Drizzle,1,0,0,0
2024-11-15,GHCND:USW00013737,NORFOLK INTL AIRPORT VA US,60.3,39.7,50.0,0.0,0.0,10.9,14.4,9.2,Clear,0,0,0,0
2024-11-16,GHCND:USW00013737,NORFOLK INTL AIRPORT VA US,69.9,43.1,56.5,0.0,0.0,12.6,19.2,8.2,Clear,0,0,0,0
2024-11-17,GHCND:USW00013737,NORFOLK INTL AIRPORT VA US,53.0,44.8,48.9,0.33,0.0,8.9,10.7,2.0,Drizzle,1,0,0,0
2024-11-18,GHCND:USW00013737,NORFOLK INTL AIRPORT VA US,65.6,41.0,53.3,0.84,0.0,12.2,17.3,4.1,Rain,1,0,0,0
2024-11-19,GHCND:USW00013737,NORFOLK INTL AIRPORT VA US,61.8,33.6,47.7,0.0,0.0,7.6,12.1,7.5,Clear,0,0,0,0
2024-11-20,GHCND:USW00013737,NORFOLK INTL AIRPORT VA US,31.0,26.0,28.5,0.3,3.2,13.0,22.7,5.4,Snow,1,1,0,1
2024-11-21,GHCND:USW00013737,NORFOLK INTL AIRPORT VA US,34.0,28.0,31.0,0.1,1.1,11.7,19.0,2.6,Snow,1,1,0,0
2024-11-22,GHCND:USW00013737,NORFOLK INTL AIRPORT VA US,62.7,50.7,56.7,0.0,0.0,10.1,15.5,7.4,Clear,0,0,0,0
2024-11-23,GHCND:USW00013737,NORFOLK INTL AIRPORT VA US,66.4,47.9,57.1,0.0,0.0,10.3,12.8,9.1,Clear,0,0,0,0
2024-11-24,GHCND:USW00013737,NORFOLK INTL AIRPORT VA US,51.9,54.5,53.2,0.07,0.0,12.5,19.8,1.6,Drizzle,1,0,0,0
2024-11-25,GHCND:USW00013737,NORFOLK INTL AIRPORT VA US,65.4,46.3,55.8,0.0,0.0,9.4,14.7,9.3,Clear,0,0,0,0
2024-11-26,GHCND:USW00013737,NORFOLK INTL AIRPORT VA US,57.4,41.7,49.5,0.0,0.0,7.4,12.1,9.6,Clear,0,0,0,0
2024-11-27,GHCND:USW00013737,NORFOLK INTL AIRPORT VA US,55.2,38.1,46.7,0.0,0.0,7.3,12.7,7.4,Clear,0,0,0,0
2024-11-28,GHCND:USW00013737,NORFOLK INTL AIRPORT VA US,64.5,52.1,58.3,0.0,0.0,8.9,15.9,1.0,Fog,0,0,1,0
2024-11-29,GHCND:USW00013737,NORFOLK INTL AIRPORT VA US,65.9,50.3,58.1,0.0,0.0,16.3,20.3,8.2,Clear,0,0,0,0
2024-11-30,GHCND:USW00013737,NORFOLK INTL AIRPORT VA US,52.4,48.8,50.6,0.0,0.0,9.0,11.6,8.0,Clear,0,0,0,0
2024-12-01,GHCND:USW00013737,NORFOLK INTL AIRPORT VA US,61.0,36.6,48.8,0.4,0.0,13.2,19.6,6.8,Rain,1,0,0,0
2024-12-02,GHCND:USW00013737,NORFOLK INTL AIRPORT VA US,59.6,36.8,48.2,0.0,0.0,12.4,15.7,8.5,Clear,0,0,0,0
2024-12-03,GHCND:USW00013737,NORFOLK INTL AIRPORT VA US,59.6,35.0,47.3,0.0,0.0,12.1,18.2,8.3,Clear,0,0,0,0
2024-12-04,GHCND:USW00013737,NORFOLK INTL AIRPORT VA US,63.1,20.4,41.8,0.0,0.0,13.6,19.1,9.9,Clear,0,0,0,0
2024-12-05,GHCND:USW00013737,NORFOLK INTL AIRPORT VA US,54.6,34.8,44.7,0.0,0.0,11.3,20.0,9.0,Clear,0,0,0,0
2024-12-06,GHCND:USW00013737,NORFOLK INTL AIRPORT VA US,48.2,31.6,39.9,0.09,0.0,10.1,12.4,2.5,Drizzle,1,0,0,0
2024-12-07,GHCND:USW00013737,NORFOLK INTL AIRPORT VA US,53.9,35.9,44.9,0.19,0.0,6.9,11.7,5.4,Drizzle,1,0,0,0
2024-12-08,GHCND:USW00013737,NORFOLK INTL AIRPORT VA US,54.6,39.4,47.0,0.0,0.0,12.4,21.1,7.5,Clear,0,0,0,0
2024-12-09,GHCND:USW00013737,NORFOLK INTL AIRPORT VA US,41.6,33.8,37.7,0.0,0.0,9.9,15.3,7.2,Clear,0,0,0,0
2024-12-10,GHCND:USW00013737,NORFOLK INTL AIRPORT VA US,48.4,33.0,40.7,0.0,0.0,9.5,16.0,10.0,Clear,0,0,0,0
2024-12-11,GHCND:USW00013737,NORFOLK INTL AIRPORT VA US,51.7,39.4,45.6,0.0,0.0,12.8,18.9,8.4,Clear,0,0,0,0
2024-12-12,GHCND:USW00013737,NORFOLK INTL AIRPORT VA US,56.4,35.7,46.1,0.0,0.0,14.3,21.4,8.8,Clear,0,0,0,0
2024-12-13,GHCND:USW00013737,NORFOLK INTL AIRPORT VA US,56.7,37.0,46.9,0.0,0.0,13.3,17.5,8.5,Clear,0,0,0,0
2024-12-14,GHCND:USW00013737,NORFOLK INTL AIRPORT VA US,50.8,34.3,42.5,0.0,0.0,8.0,11.4,9.2,Clear,0,0,0,0
2024-12-15,GHCND:USW00013737,NORFOLK INTL AIRPORT VA US,53.3,30.3,41.8,0.0,0.0,10.0,13.4,1.0,Fog,0,0,1,0
2024-12-16,GHCND:USW00013737,NORFOLK INTL AIRPORT VA US,54.9,38.8,46.8,0.0,0.0,12.0,17.4,9.1,Clear,0,0,0,0
2024-12-17,GHCND:USW00013737,NORFOLK INTL AIRPORT VA US,43.4,41.8,42.6,0.08,0.0,7.5,9.1,4.8,Drizzle,1,0,0,0
2024-12-18,GHCND:USW00013737,NORFOLK INTL AIRPORT VA US,56.1,34.4,45.2,0.0,0.0,9.2,14.8,7.3,Clear,0,0,0,0
2024-12-19,GHCND:USW00013737,NORFOLK INTL AIRPORT VA US,43.3,31.7,37.5,0.0,0.0,14.0,23.8,7.6,Clear,0,0,0,0
2024-12-20,GHCND:USW00013737,NORFOLK INTL AIRPORT VA US,50.6,47.2,48.9,0.0,0.0,8.6,13.1,10.0,Clear,0,0,0,0
2024-12-21,GHCND:USW00013737,NORFOLK INTL AIRPORT VA US,44.8,43.9,44.3,0.0,0.0,9.2,13.9,8.5,Clear,0,0,0,0
2024-12-22,GHCND:USW00013737,NORFOLK INTL AIRPORT VA US,54.7,36.5,45.6,0.0,0.0,11.9,19.5,8.9,Clear,0,0,0,0
2024-12-23,GHCND:USW00013737,NORFOLK INTL AIRPORT VA US,56.2,36.1,46.2,0.0,0.0,12.0,16.0,7.0,Clear,0,0,0,0
2024-12-24,GHCND:USW00013737,NORFOLK INTL AIRPORT VA US,57.1,38.8,48.0,0.0,0.0,6.8,9.5,9.2,Clear,0,0,0,0
2024-12-25,GHCND:USW00013737,NORFOLK INTL AIRPORT VA US,53.5,43.9,48.7,0.0,0.0,11.1,15.8,7.4,Clear,0,0,0,0
2024-12-26,GHCND:USW00013737,NORFOLK INTL AIRPORT VA US,51.3,42.7,47.0,0.0,0.0,12.4,21.2,9.4,Clear,0,0,0,0
2024-12-27,GHCND:USW00013737,NORFOLK INTL AIRPORT VA US,53.5,32.2,42.8,0.19,0.0,9.3,13.7,5.2,Drizzle,1,0,0,0
2024-12-28,GHCND:USW00013737,NORFOLK INTL AIRPORT VA US,55.4,41.0,48.2,0.0,0.0,14.1,19.7,8.4,Clear,0,0,0,0
2024-12-29,GHCND:USW00013737,NORFOLK INTL AIRPORT VA US,68.3,38.5,53.4,0.0,0.0,13.2,22.9,8.0,Clear,0,0,0,0
2024-12-30,GHCND:USW00013737,NORFOLK INTL AIRPORT VA US,46.4,35.3,40.8,0.33,0.0,8.8,14.7,3.8,Drizzle,1,0,0,0
2024-12-31,GHCND:USW00013737,NORFOLK INTL AIRPORT VA US,52.7,34.8,43.8,0.41,0.0,14.6,19.6,4.5,Rain,1,0,0,0
